,column,mean,median,std
0,lastmonth_activity,165.65384615384616,73.0,284.0332293669446
1,lastyear_activity,1502.923076923077,955.0,2192.64495845683
2,number_of_employees,26.884615384615383,14.0,31.35388578543581
